{
    "flow_time": [
        0.007380838394165039,
        0.012768387794494629,
        0.01629375457763672,
        0.03321382522583008,
        0.03358003139495849
    ],
    "greedy_time": [
        0.0015813469886779784,
        0.00275036096572876,
        0.003583385944366455,
        0.008001489639282227,
        0.0089503812789917
    ],
    "greedy2_time": [
        0.0015571022033691406,
        0.0026747250556945802,
        0.003599092960357666,
        0.007236766815185547,
        0.007750792503356934
    ],
    "best_time": [
        0.08310032367706299,
        0.3466066336631775,
        0.8824394226074219,
        3.0680082654953003,
        6.1449847149848935
    ]
}