{
    "f_time1": [
        0.01354346513748169,
        0.023416943550109863,
        0.029388418197631837,
        0.03931081533432007,
        0.04949249505996704
    ],
    "f_time2": [
        0.09332764387130738,
        0.15515031099319457,
        0.23237598657608033,
        0.349429624080658,
        0.38146514892578126
    ],
    "sbon_time1": [
        0.1848645353317261,
        0.32158573627471926,
        0.42831053495407106,
        0.5762490057945251,
        0.698551459312439
    ],
    "sbon_time2": [
        1.297893204689026,
        1.9235706996917725,
        2.6282938575744628,
        3.3211379933357237,
        4.000629048347474
    ]
}