{
    "f_lat1": [
        4.986029998429703,
        6.1987075137988725,
        7.1515089572793435,
        8.224937900242505,
        9.481164111288265
    ],
    "f_lat2": [
        8.396175984219992,
        10.578917898916153,
        12.721444187322792,
        15.250777408988306,
        17.33842337557874
    ],
    "f_lat3": [
        20.463923900487114,
        28.873667504868862,
        38.02278311848364,
        46.204648623736816,
        54.298475132351456
    ],
    "ac_lat1": [
        5.213838871824299,
        6.701626579872574,
        7.795345709476372,
        9.211234535424197,
        10.708330586865983
    ],
    "ac_lat2": [
        9.243942705596366,
        11.847954734663158,
        14.202070948650883,
        17.103994659016738,
        19.71216467813423
    ],
    "ac_lat3": [
        24.158555301804352,
        34.594546343689984,
        44.72650314566338,
        54.69555078973116,
        65.05225963186567
    ],
    "sbon_lat1": [
        6.171704593370744,
        8.044877368894682,
        9.689773712535748,
        11.133962061036058,
        12.758045706168586
    ],
    "sbon_lat2": [
        14.1337895553598,
        17.122743036583085,
        15.977190462216488,
        16.523187301858336,
        18.37282425688944
    ],
    "f_bp1": [
        0.0,
        0.0,
        0.0,
        0.0,
        0.0
    ],
    "f_bp2": [
        0.0,
        0.0,
        0.0019917285399912855,
        0.03394319515184506,
        0.07130988446078167
    ],
    "f_bp3": [
        0.18560309497826624,
        0.3017505615014012,
        0.36652451179783396,
        0.39934448387614097,
        0.39955822107986294
    ],
    "ac_bp1": [
        0.0,
        0.0,
        0.0,
        0.0,
        0.0002520844766296954
    ],
    "ac_bp2": [
        0.0,
        0.0017338558644510223,
        0.03231914649163247,
        0.11109387765222971,
        0.15279605980685942
    ],
    "ac_bp3": [
        0.25723339176420623,
        0.34408083028584924,
        0.3880475486822216,
        0.41145144999750505,
        0.4097663340040961
    ],
    "sbon_bp1": [
        0.0,
        0.0,
        0.0,
        0.0,
        0.00013235466901886136
    ],
    "sbon_bp2": [
        0.0005989025380582807,
        0.01717999429112694,
        0.022208405301336092,
        0.05545460226958421,
        0.09254137471427147
    ]
}